{
  "train_loss": [
    0.8628366387839973,
    0.1857739404006424,
    0.08363210170150355,
    0.04165206426274521,
    0.024701048460343267,
    0.01700214979923383,
    0.026218739106481207,
    0.013481944680894163,
    0.0027331838547475823,
    0.0035708461188974387
  ],
  "val_loss": [
    0.277689162422629,
    0.11038765054324577,
    0.08466921235920208,
    0.07581503131440094,
    0.09716269881209513,
    0.09632429912836059,
    0.08566774915465537,
    0.09195747939538226,
    0.08318113251635285,
    0.0925300783175705
  ],
  "val_metric": [
    0.9350912780113685,
    0.9766734279918864,
    0.9837728187472051,
    0.986815415821501,
    0.9868154150960895,
    0.9929006085192698,
    0.9898580121703854,
    0.9929006085192698,
    0.9939148073022313,
    0.9929006085192698
  ]
}