{
  "train_loss": [
    0.7402141772395823,
    0.1478622661761038,
    0.057206684816610974,
    0.03346117797281918,
    0.01974320332636657,
    0.017360061766756318,
    0.008007509121492142,
    0.004418825147866509,
    0.0019999981730364864,
    0.002085757567091804
  ],
  "val_loss": [
    0.21663274205692157,
    0.14128649875079613,
    0.09742625149105756,
    0.10661070804115438,
    0.08512655397972496,
    0.07665641817197727,
    0.10039003289923618,
    0.09969096960121827,
    0.10196595749555441,
    0.09802251670562494
  ],
  "val_metric": [
    0.9513184584178499,
    0.9675456389452333,
    0.9858012170385395,
    0.9858012170385395,
    0.9898580121703854,
    0.9939148073022313,
    0.9939148073022313,
    0.9939148073022313,
    0.9939148073022313,
    0.9939148073022313
  ]
}