{
  "train_loss": [
    0.7164036201635392,
    0.1557605636951323,
    0.07631235406390001,
    0.04153553753494007,
    0.027901856565049683,
    0.030678784563119902,
    0.014227022779513649,
    0.008943854665234242,
    0.027737685669255056,
    0.00759743155442463
  ],
  "val_loss": [
    0.1989206146622647,
    0.08431096499432521,
    0.04075994283625852,
    0.03315394217031299,
    0.04396536215666576,
    0.037805064324137605,
    0.02722341987902051,
    0.028557920709231136,
    0.03903726608784417,
    0.029914296205701855
  ],
  "val_metric": [
    0.9503042596348884,
    0.9716024340770791,
    0.9929006085192698,
    0.9939148073022313,
    0.9898580121703854,
    0.9939148073022313,
    0.9969574036511156,
    0.9969574036511156,
    0.9959432048681541,
    0.9969574036511156
  ]
}