{
  "train_loss": [
    0.3432226814256722,
    0.049688432266397076,
    0.026670198028371537,
    0.030239434166864167,
    0.029920641003310502,
    0.023121809412034712,
    0.01829247346241219,
    0.004119496388498063,
    0.0017212619618041164,
    0.0017888025547667923
  ],
  "val_loss": [
    0.08504651326937936,
    0.09662442954110485,
    0.06398119980781422,
    0.07396309965573465,
    0.0910716459855923,
    0.07195071973261005,
    0.059655517917875066,
    0.0572163582938835,
    0.05945264708720102,
    0.06220663804764184
  ],
  "accuracy_all": [
    0.9939786241156104
  ],
  "accuracy_no_empty": [
    0.9839883551673945
  ],
  "accuracy_only_pieces": [
    0.9839883551673945
  ],
  "test_accuracy_all": [
    0.9945815773630343
  ],
  "test_accuracy_no_empty": [
    0.9854721549636803
  ],
  "test_accuracy_only_pieces": [
    0.9854721549636803
  ],
  "artifacts": {
    "val_confusion_matrix": "results/resnet18_weighted_loss_20260113_122024/confusion_matrix_val.png",
    "test_confusion_matrix": "results/resnet18_weighted_loss_20260113_122024/confusion_matrix_test.png",
    "metrics_table_csv": "results/resnet18_weighted_loss_20260113_122024/metrics_table.csv",
    "metrics_bar_png": "results/resnet18_weighted_loss_20260113_122024/metrics_bar.png"
  }
}