split,accuracy_all,accuracy_no_empty,accuracy_only_pieces
val,0.9939786241156104,0.9839883551673945,0.9839883551673945
test,0.9945815773630343,0.9854721549636803,0.9854721549636803
