split,accuracy_all,accuracy_no_empty,accuracy_only_pieces
val,0.9947312961011591,0.9878934624697336,0.9878934624697336
test,1.0,0.0,0.0
